customer_id,frequency,recency,monetary
12346,1,48,27904840000
12347,2,40,423420000
12348,2,41,414092000
12350,1,33,119478000
12352,3,6,449984000
12356,1,48,809968000
12359,2,28,842749000
12361,1,10,67602000
12362,1,18,170512000
12365,2,14,226652000
12370,2,80,665757000
12372,1,19,142478000
12373,1,34,130072000
12377,2,38,581404000
12383,2,54,454635000
12386,2,60,145030000
12388,2,28,197385000
12393,2,52,227550000
12395,2,24,203855000
12401,1,26,29641000
12402,1,46,80134000
12410,2,31,245279000
12413,1,60,169972000
12414,1,33,55628000
12415,4,4,13531586000
12417,3,4,362297000
12421,1,42,56373000
12422,1,47,84885000
12423,2,14,155234000
12428,3,6,1765497000
12429,1,88,454124000
12431,4,8,657920000
12433,1,89,674816000
12437,4,12,352665000
12441,1,89,62217000
12451,1,47,1050553000
12455,2,18,613398000
12458,1,7,158040000
12462,1,26,270314000
12464,2,7,127781000
12468,1,39,78787000
12471,7,12,2112217000
12472,1,40,294888000
12474,4,10,315688000
12476,3,21,255003000
12477,1,24,832536000
12480,1,59,290249000
12481,3,59,497044000
12483,1,62,195252000
12484,1,59,406301000
12489,1,59,118501000
12490,1,52,309253000
12494,3,18,110978000
12500,3,4,348008000
12501,1,59,781151000
12502,1,32,218146000
12507,1,21,158826000
12509,1,7,62460000
12510,1,48,242041000
12515,1,76,135919000
12523,2,14,87720000
12524,3,4,480640000
12527,2,17,102436000
12528,1,35,176210000
12530,1,59,136774000
12539,2,39,1217070000
12540,3,34,822794000
12541,1,3,112909000
12547,1,3,57140000
12551,1,80,60050000
12553,3,3,365588000
12557,1,55,1208592000
12559,2,33,200025000
12561,1,25,85757000
12565,1,11,52066000
12567,2,31,587971000
12574,1,38,77211000
12576,1,27,95873000
12577,1,82,70220000
12578,1,53,572261000
12582,1,11,73556000
12583,2,25,379728000
12584,1,3,163316000
12585,1,74,452692000
12591,1,40,161328000
12594,2,17,212085000
12598,1,7,256176000
12599,2,8,112920000
12600,2,32,221024000
12601,2,25,91778000
12609,1,41,103475000
12616,1,20,90684000
12621,4,14,1040045000
12625,1,42,611970000
12626,2,39,451637000
12633,1,10,361647000
12637,1,46,539616000
12643,1,55,312144000
12645,1,39,132192000
12647,2,80,290525000
12651,1,57,40872000
12652,1,54,328230000
12653,1,19,276196000
12654,1,18,59260000
12662,1,32,120104000
12664,1,45,233602000
12665,1,47,22512000
12668,2,35,527951000
12672,1,52,80028000
12673,1,49,79441000
12676,1,34,181409000
12678,3,7,204093000
12679,1,6,282062000
12681,6,35,1813221000
12682,4,33,914942000
12683,4,6,766140000
12691,3,41,144050000
12693,1,42,57297000
12705,1,80,305238000
12707,1,14,214345000
12708,1,52,101666000
12709,4,6,1130295000
12712,3,34,303948000
12714,1,17,348088000
12720,3,26,228184000
12721,2,26,264905000
12724,1,55,55652000
12726,2,38,209342000
12727,4,4,717983000
12728,2,7,161035000
12731,2,35,1511457000
12734,1,75,39720000
12735,2,38,277357000
12736,1,55,84000000
12744,1,41,732065000
12747,3,6,340721000
12748,34,7,1374719000
12753,3,5,3335375000
12754,1,31,16405000
12755,2,3,1351331000
12764,1,39,597630000
12766,3,14,999217000
12775,1,34,76468000
12778,1,35,48518000
12779,2,31,337432000
12781,1,7,196548000
12782,2,40,406930000
12785,1,87,110809000
12793,1,57,147656000
12797,1,88,90371000
12811,1,7,85387000
12817,1,4,58776000
12820,1,49,61462000
12823,2,12,188300000
12826,3,39,251573000
12829,2,59,107250000
12834,1,5,110684000
12836,1,34,299500000
12839,3,10,389270000
12841,6,10,324269000
12842,1,31,110687000
12845,1,13,23040000
12852,1,17,110903000
12853,1,38,151312000
12854,1,41,138470000
12857,1,25,283942000
12866,1,6,197783000
12867,2,21,285839000
12868,2,39,168002000
12872,2,49,213964000
12873,1,5,132376000
12875,1,85,124416000
12877,3,11,118072000
12891,1,15,15900000
12897,1,24,45880000
12908,1,35,118800000
12913,2,5,159515000
12916,1,43,300759000
12921,6,7,1020586000
12924,1,50,20579000
12928,1,82,140402000
12929,1,34,41709000
12931,3,20,673912000
12933,1,6,39575000
12935,1,42,155102000
12939,2,21,1884096000
12942,1,88,91424000
12944,1,77,102227000
12945,1,11,164089000
12947,1,59,108431000
12951,2,42,109279000
12956,1,29,38248000
12957,1,62,149124000
12963,1,88,130144000
12967,1,81,103350000
12970,2,45,8429000
12971,17,6,646297000
12980,5,5,1289498000
12988,1,15,189039000
12989,3,21,680060000
12990,1,33,34750000
12993,1,21,36810000
12997,1,40,108339000
13000,1,87,71569000
13001,4,10,1251068000
13002,1,41,43238000
13004,5,7,573464000
13008,1,46,82448000
13012,1,17,134068000
13014,1,4,182184000
13018,2,11,228252000
13021,1,81,55785000
13027,1,77,547200000
13029,1,76,134250000
13033,1,80,67725000
13038,1,13,140610000
13044,1,14,201450000
13047,1,32,163193000
13048,1,50,171470000
13049,1,41,54786000
13050,7,27,760804000
13064,1,50,71894000
13068,1,42,59000000
13069,4,31,329992000
13077,3,13,209512000
13078,5,19,705449000
13081,3,11,1827368000
13082,1,61,145200000
13085,1,18,99476000
13089,21,12,4406800000
13090,4,12,576850000
13092,1,82,65282000
13093,6,10,2398957000
13094,4,5,110304000
13097,3,15,591710000
13098,2,27,316489000
13102,7,31,674100000
13104,1,77,36768000
13107,1,56,204124000
13110,2,6,190764000
13113,6,3,1003356000
13117,2,42,106555000
13118,1,11,68029000
13124,1,82,451168000
13126,3,61,196336000
13133,1,27,18460000
13137,1,31,78016000
13140,1,89,56764000
13141,2,38,187273000
13144,1,55,39095000
13148,4,36,387672000
13149,1,12,135284000
13151,1,18,444733000
13155,1,49,67500000
13157,1,21,71564000
13158,1,41,91421000
13161,1,36,39818000
13162,1,57,275278000
13165,1,74,130180000
13166,1,6,148718000
13168,2,15,300699000
13171,1,22,49785000
13173,1,90,59489000
13174,1,39,245661000
13178,2,18,402244000
13183,1,57,223752000
13184,1,13,76041000
13187,1,60,83789000
13198,2,41,425057000
13199,9,4,701471000
13208,1,32,60888000
13209,2,49,152561000
13211,1,84,39280000
13221,1,82,176237000
13225,2,61,881004000
13230,5,5,289102000
13233,1,59,111500000
13238,1,83,32313000
13240,1,88,79997000
13246,3,15,391398000
13253,1,62,174492000
13261,1,8,298114000
13263,2,1,202627000
13267,3,54,331673000
13269,1,84,111634000
13270,1,89,209000000
13280,2,39,250349000
13284,1,53,71534000
13285,1,13,240646000
13292,1,7,88996000
13295,1,82,71426000
13301,1,15,62043000
13304,1,74,108023000
13305,1,18,55270000
13309,1,31,142475000
13310,1,47,146453000
13313,1,62,109639000
13317,2,81,84462000
13319,7,26,983785000
13324,2,35,396002000
13327,3,18,336442000
13328,1,39,466264000
13329,1,89,108633000
13330,1,38,119958000
13334,1,28,591421000
13345,1,10,138080000
13362,1,10,288605000
13368,1,60,12540000
13369,1,88,109746000
13381,1,21,148967000
13382,1,3,79680000
13385,1,52,190545000
13394,1,32,112424000
13396,1,42,137270000
13397,2,17,212989000
13405,1,40,56468000
13408,7,20,1470032000
13410,1,14,89328000
13414,1,19,144000000
13418,3,82,339454000
13421,1,13,294919000
13425,1,17,144055000
13426,2,59,229711000
13448,1,87,137036000
13451,1,57,143700000
13453,1,12,65690000
13455,1,89,244865000
13458,4,10,1488563000
13468,6,11,364033000
13473,1,55,86890000
13475,1,21,113718000
13476,1,4,256702000
13477,1,14,66330000
13487,1,76,68663000
13488,3,31,1207157000
13489,2,12,86888000
13491,5,3,252573000
13493,1,10,63597000
13494,1,34,112692000
13495,1,82,126144000
13496,1,82,178208000
13497,1,5,69451000
13501,1,11,475980000
13502,1,46,40860000
13506,1,39,56230000
13509,1,7,76488000
13520,1,47,243760000
13523,1,89,202914000
13527,1,49,39045000
13531,1,89,108183000
13534,8,27,366563000
13538,1,38,58680000
13539,1,32,59050000
13551,1,42,32280000
13552,1,38,110710000
13557,1,3,86986000
13564,1,77,235366000
13565,1,57,39537000
13569,1,90,41953000
13576,3,13,474967000
13581,1,32,41675000
13584,1,29,50295000
13590,1,26,111424000
13593,1,59,198416000
13599,4,6,466460000
13600,1,35,80879000
13606,1,34,25884000
13610,1,8,85038000
13611,1,82,108375000
13614,1,53,72325000
13615,1,41,148536000
13623,1,20,55356000
13627,1,80,111343000
13629,2,33,509350000
13630,1,8,106446000
13634,1,50,128272000
13636,1,8,54880000
13649,1,89,70066000
13656,1,60,58350000
13659,1,43,372945000
13666,2,10,22879000
13668,4,18,625648000
13672,2,24,65949000
13675,1,7,110476000
13680,2,60,851840000
13684,1,8,24012000
13694,10,3,4874786000
13700,2,50,57897000
13703,1,41,34940000
13706,1,25,118109000
13707,1,38,207053000
13709,1,38,169875000
13715,4,4,288000000
13717,1,21,108973000
13718,1,18,41555000
13722,1,5,524050000
13725,4,11,514196000
13728,1,33,55978000
13742,3,10,415906000
13744,1,15,324727000
13750,2,19,244026000
13751,1,11,105572000
13753,1,10,265760000
13754,1,40,55612000
13756,3,81,357072000
13758,2,57,277704000
13764,1,60,178419000
13767,8,8,891210000
13769,2,49,222774000
13777,7,11,527757000
13782,1,50,68505000
13784,4,4,158775000
13786,1,90,82308000
13787,1,87,37940000
13792,1,10,26460000
13798,10,10,3788736000
13799,1,17,121888000
13800,1,32,199509000
13802,1,34,347910000
13804,1,12,258415000
13807,1,90,39860000
13809,1,28,54628000
13815,1,41,361783000
13817,1,74,45826000
13819,3,24,412739000
13824,1,33,158580000
13837,1,40,40569000
13842,3,32,322257000
13846,1,83,146896000
13848,2,20,359700000
13851,1,11,88026000
13854,7,12,803438000
13859,1,49,71975000
13862,2,13,243541000
13865,1,12,43680000
13869,2,36,319362000
13870,1,10,195106000
13871,1,31,162288000
13873,1,32,42859000
13874,1,81,191368000
13875,1,24,122942000
13880,3,6,181082000
13881,1,34,367486000
13884,1,6,48955000
13890,1,81,67767000
13893,1,20,289698000
13894,1,33,57610000
13898,1,48,56231000
13901,1,41,75838000
13904,1,17,73137000
13911,2,21,200757000
13922,1,74,61431000
13929,1,49,144995000
13931,1,3,135011000
13932,1,17,108462000
13939,1,34,66980000
13941,1,20,362544000
13948,1,83,36200000
13951,1,17,76116000
13953,1,75,180000000
13955,1,28,73160000
13959,2,4,120563000
13963,4,31,238299000
13969,2,45,236270000
13971,1,8,119908000
13973,1,10,93978000
13982,2,49,322619000
13983,4,28,337508000
13984,2,48,101896000
13993,2,12,290690000
13999,2,45,218695000
14004,1,11,319736000
14006,1,35,109432000
14016,1,80,268474000
14030,3,28,348228000
14031,5,3,1002366000
14032,2,78,221523000
14035,1,20,107660000
14036,1,7,222626000
14037,1,87,39554000
14040,3,36,324031000
14044,1,32,61743000
14045,2,60,328246000
14046,1,7,59796000
14047,1,59,3280000
14048,1,28,147042000
14049,1,40,370528000
14051,6,10,1105294000
14056,1,7,214184000
14057,5,3,703681000
14060,5,13,576453000
14062,4,46,1107036000
14068,1,43,93955000
14078,1,7,59942000
14081,1,25,183045000
14082,1,87,65154000
14083,2,77,53414000
14085,5,32,600321000
14088,1,45,2664296000
14090,1,47,27576000
14092,3,45,327608000
14099,3,18,295788000
14101,2,17,666881000
14107,2,19,223285000
14113,1,77,153000000
14114,1,53,69408000
14127,1,33,112115000
14130,1,42,172544000
14133,1,38,113190000
14135,6,49,480130000
14146,1,80,441277000
14147,1,8,64472000
14150,1,82,110404000
14156,7,6,9925030000
14157,1,8,99455000
14159,1,85,69036000
14161,1,1,93778000
14162,1,15,63551000
14167,1,54,52406000
14175,1,52,114706000
14176,4,20,204471000
14180,9,5,715283000
14185,1,54,69250000
14188,1,33,142043000
14189,3,11,308439000
14194,1,31,183635000
14201,1,82,25184000
14209,1,55,122957000
14210,2,19,239501000
14211,2,7,166824000
14215,2,38,268996000
14217,4,34,133469000
14220,1,81,111218000
14221,1,62,111641000
14224,1,43,86722000
14227,1,7,262611000
14229,2,14,270517000
14231,1,11,109591000
14233,2,33,224745000
14238,1,49,52782000
14239,3,5,282732000
14242,1,48,49083000
14243,4,11,404128000
14247,1,1,48449000
14248,1,41,107154000
14256,1,87,187100000
14257,1,41,222286000
14258,2,21,1530810000
14270,1,54,174882000
14276,1,12,122120000
14282,1,90,203600000
14289,1,12,114612000
14290,1,84,274878000
14292,1,5,164884000
14293,1,28,51210000
14298,14,11,4289606000
14299,4,41,552232000
14307,1,47,174443000
14309,3,19,211671000
14312,2,33,154586000
14320,1,55,126283000
14321,1,56,122323000
14329,1,52,550822000
14334,2,42,242128000
14341,2,41,119968000
14344,2,81,11585000
14346,1,20,93148000
14355,1,88,62190000
14368,1,42,54698000
14371,1,18,35600000
14373,1,81,27005000
14379,1,18,40396000
14386,1,19,50502000
14388,1,4,143224000
14395,1,57,135349000
14401,2,38,199048000
14404,1,50,100185000
14409,1,41,121205000
14410,1,28,49057000
14411,1,33,374476000
14413,1,85,43793000
14414,1,81,77814000
14415,3,27,574268000
14419,1,87,44117000
14426,2,35,251113000
14428,1,48,71939000
14431,1,25,166208000
14437,1,88,22800000
14438,1,29,47190000
14439,1,42,937908000
14440,2,39,419205000
14442,1,39,239599000
14443,1,33,109012000
14447,1,3,94450000
14448,1,87,36370000
14450,1,43,57361000
14457,1,33,40860000
14460,1,33,10800000
14462,3,31,162182000
14465,1,25,211356000
14466,2,3,231782000
14467,1,35,46555000
14470,1,10,105889000
14472,3,8,362918000
14473,1,5,29870000
14475,1,27,108924000
14477,1,20,59000000
14479,1,88,61765000
14481,1,10,108926000
14483,1,4,49173000
14496,1,34,82976000
14497,1,32,169253000
14498,1,84,59051000
14499,1,1,45011000
14501,1,42,23976000
14502,2,15,160892000
14504,1,1,52863000
14505,2,60,486116000
14506,1,6,105336000
14513,1,11,6650000
14514,1,54,90847000
14520,1,13,59000000
14524,2,4,172503000
14525,2,49,259831000
14527,13,7,648232000
14530,1,19,248993000
14532,3,8,278780000
14533,1,75,158316000
14534,3,20,274342000
14540,1,32,70090000
14541,4,10,299502000
14543,3,19,333950000
14544,1,84,402993000
14548,1,40,115712000
14549,1,34,102921000
14553,1,62,72289000
14555,1,25,70504000
14560,5,6,248225000
14562,2,12,153971000
14565,1,84,416396000
14570,2,3,77472000
14572,1,47,119721000
14573,2,4,107121000
14577,1,85,123035000
14587,3,27,186985000
14595,1,36,58268000
14600,1,28,139197000
14606,25,5,1300703000
14608,1,85,72000000
14609,1,19,79200000
14616,2,7,87576000
14618,1,60,75280000
14620,1,6,83273000
14621,1,81,108616000
14625,1,84,208105000
14631,1,21,110312000
14639,2,14,438634000
14643,1,81,129990000
14644,1,21,66432000
14646,10,13,20781761000
14653,1,61,124394000
14656,1,6,47082000
14657,2,5,186895000
14659,2,20,275817000
14662,1,39,36197000
14665,3,19,259376000
14667,6,15,761643000
14669,2,55,300854000
14670,2,3,148192000
14672,1,59,101667000
14673,1,90,133357000
14676,1,6,200796000
14680,4,17,2346346000
14684,1,85,59790000
14688,5,6,451172000
14692,2,22,135686000
14696,1,48,104574000
14701,3,1,322162000
14702,6,4,432685000
14709,2,39,255737000
14713,3,46,231110000
14715,2,21,88193000
14723,1,81,78147000
14732,2,6,239614000
14733,6,25,2463424000
14735,5,33,359854000
14737,1,76,153720000
14738,1,39,72685000
14739,2,61,338648000
14740,1,6,185626000
14741,1,84,112480000
14744,5,20,331297000
14745,1,8,86560000
14754,1,18,82025000
14755,2,19,352696000
14760,1,20,31720000
14761,1,57,34850000
14766,1,89,63940000
14769,2,47,312158000
14770,1,46,99730000
14776,1,35,203916000
14778,1,31,118653000
14779,3,3,136196000
14782,1,42,71450000
14784,1,46,40832000
14794,1,57,63110000
14796,6,3,819905000
14798,1,33,27426000
14800,2,57,433510000
14803,1,15,192307000
14805,1,36,38596000
14810,3,8,164991000
14821,1,89,17324000
14825,2,20,161804000
14828,1,59,215640000
14829,1,83,53152000
14841,2,11,354995000
14842,1,31,108562000
14849,5,20,382551000
14850,1,34,117668000
14866,1,89,38016000
14867,1,59,106714000
14871,1,83,49610000
14878,2,15,154263000
14880,1,11,46044000
14889,1,59,48684000
14895,1,13,833059000
14896,1,88,92323000
14897,1,19,62950000
14898,2,25,115867000
14901,2,83,103753000
14903,1,1,189515000
14907,3,83,340764000
14911,18,3,4291302000
14913,1,82,110555000
14916,1,47,106285000
14932,1,88,128221000
14934,1,5,295757000
14935,1,20,636336000
14944,2,19,268221000
14952,3,8,778154000
14959,1,19,64256000
14961,3,20,749664000
14970,1,39,118750000
14976,1,49,54916000
14978,3,12,403953000
14985,1,81,44681000
14987,1,88,57856000
14995,1,3,42388000
15002,3,19,408147000
15005,5,4,393100000
15018,1,90,39197000
15021,1,89,73131000
15023,1,48,206439000
15024,3,19,245039000
15031,1,5,53624000
15032,2,89,990435000
15033,1,52,203933000
15034,3,1,595385000
15039,12,7,1997408000
15044,7,18,1139380000
15046,5,8,438218000
15052,1,42,76532000
15053,1,4,81127000
15057,1,38,403402000
15058,3,22,170000000
15059,3,19,131044000
15061,14,5,5018916000
15062,2,7,164641000
15065,1,14,277543000
15067,1,5,300977000
15078,5,10,620321000
15079,2,38,181634000
15081,1,90,39601000
15087,1,4,113298000
15090,1,31,136040000
15092,1,6,114538000
15093,2,10,710451000
15100,2,56,184512000
15101,1,82,36214000
15104,1,5,133805000
15107,5,34,73017000
15110,1,41,60231000
15114,1,24,92905000
15121,1,11,104861000
15122,1,20,141854000
15129,1,14,125839000
15133,1,24,117938000
15139,1,59,44010000
15144,1,35,135660000
15146,1,14,303048000
15157,1,81,393234000
15159,4,38,963022000
15160,1,80,56376000
15164,1,62,61298000
15167,1,43,57883000
15171,1,54,454810000
15174,1,45,49307000
15179,1,42,465250000
15180,1,90,31075000
15189,5,5,574984000
15192,1,88,112696000
15194,5,6,759121000
15197,1,81,195708000
15199,1,31,124960000
15203,1,34,76908000
15204,1,80,113952000
15208,1,76,23140000
15211,1,88,135513000
15213,2,41,118287000
15218,1,41,207241000
15220,1,3,113989000
15221,1,89,141675000
15222,1,41,210200000
15224,2,81,114623000
15226,1,33,54865000
15227,2,7,223397000
15228,1,17,325805000
15235,7,7,464548000
15236,1,21,115677000
15240,1,34,113273000
15241,1,6,143690000
15246,1,81,66160000
15257,1,6,111573000
15262,1,46,63544000
15266,1,61,41976000
15270,3,24,359874000
15271,2,60,129743000
15279,1,77,103993000
15281,2,10,362541000
15288,1,88,58796000
15290,4,17,305275000
15291,3,48,368114000
15296,1,49,428096000
15298,3,47,315461000
15303,1,13,203961000
15304,1,4,37093000
15311,26,3,5044103000
15312,1,77,103603000
15316,1,49,59000000
15319,1,6,73717000
15321,1,14,412534000
15326,1,56,113765000
15332,1,89,22410000
15339,1,41,92218000
15346,1,55,90116000
15347,1,89,72174000
15353,1,90,110693000
15356,2,19,167265000
15358,8,3,1244440000
15361,1,84,150708000
15365,1,38,74069000
15366,1,81,37683000
15370,2,20,267960000
15373,3,12,199161000
15379,3,46,959558000
15380,1,88,81510000
15382,1,18,367804000
15384,1,82,109286000
15392,1,83,123566000
15393,1,4,44592000
15394,1,81,208694000
15395,1,48,37819000
15397,1,12,33150000
15400,1,1,123494000
15406,1,24,89907000
15407,1,28,59400000
15415,1,36,207600000
15416,1,5,490966000
15421,1,33,105374000
15422,2,46,34664000
15443,1,43,155445000
15447,1,53,55372000
15448,1,35,175994000
15454,1,85,63750000
15456,3,6,164655000
15460,1,77,77194000
15464,1,61,371432000
15465,6,1,820958000
15482,2,81,256364000
15485,1,59,117258000
15497,1,42,346240000
15498,5,42,1252218000
15503,1,85,52397000
15510,1,53,87524000
15512,1,82,36114000
15513,4,39,732263000
15514,5,3,775077000
15518,3,41,225857000
15527,2,38,205322000
15529,3,46,204795000
15532,1,81,125838000
15535,2,50,103505000
15543,1,11,45800000
15544,2,10,304289000
15547,4,8,511986000
15549,1,39,334629000
15550,1,24,49456000
15555,2,84,281868000
15562,1,74,47580000
15563,1,81,98395000
15569,1,55,103250000
15570,5,7,520785000
15572,2,1,158689000
15574,2,81,76623000
15577,1,28,10463000
15579,1,36,70558000
15581,4,76,115819000
15587,1,74,122184000
15589,1,33,66289000
15596,3,4,383747000
15601,6,18,1087089000
15602,3,35,111818000
15605,1,12,64759000
15606,4,1,422403000
15607,1,59,39190000
15611,2,4,71750000
15615,5,21,865278000
15620,1,81,153422000
15622,1,5,204342000
15626,1,52,102500000
15628,1,89,114820000
15636,1,5,108356000
15640,4,22,1430855000
15641,2,5,275008000
15643,1,5,120150000
15649,2,59,288000000
15656,1,7,86132000
15658,1,32,95305000
15660,2,6,130212000
15661,2,40,111380000
15670,1,19,61705000
15673,1,50,344363000
15675,1,3,16200000
15676,1,6,321073000
15680,1,89,171694000
15681,1,3,124180000
15687,3,12,366413000
15689,1,84,36910000
15694,3,53,331286000
15696,4,1,358687000
15708,3,8,451969000
15709,1,6,48132000
15712,1,10,106287000
15713,1,89,60637000
15719,3,4,371939000
15722,1,13,114803000
15723,1,87,72165000
15724,1,7,36665000
15727,2,54,742104000
15733,1,5,57572000
15738,3,8,341960000
15749,2,55,8157328000
15750,3,6,221259000
15753,1,27,29520000
15755,1,17,112596000
15759,2,19,65400000
15769,4,10,3596300000
15777,3,40,266517000
15780,1,80,62815000
15781,1,28,29533000
15785,1,18,331858000
15789,1,81,128360000
15796,1,25,121892000
15797,2,27,534990000
15799,1,57,114273000
15805,2,11,330686000
15808,3,29,961942000
15809,1,25,70940000
15810,1,19,135182000
15811,3,20,317916000
15812,1,40,86440000
15820,1,42,74035000
15822,1,82,156060000
15827,5,3,192749000
15831,1,47,112263000
15835,1,53,107307000
15838,2,33,441000000
15841,1,61,117678000
15843,1,26,41967000
15845,2,10,438468000
15847,1,11,67579000
15854,3,34,263905000
15856,4,24,1551355000
15858,2,12,294483000
15864,1,39,86168000
15867,5,19,340808000
15874,1,7,205150000
15881,5,35,178688000
15885,1,32,5262000
15898,1,90,48900000
15903,1,18,61056000
15910,2,11,111684000
15916,3,53,204539000
15932,1,12,113302000
15938,1,46,26608000
15939,4,10,488734000
15940,1,34,12576000
15945,1,88,64000000
15950,1,82,151762000
15951,1,8,133462000
15953,2,6,158943000
15965,1,90,55581000
15967,1,41,61603000
15970,1,26,111382000
15971,2,6,312890000
15973,1,89,109008000
15974,1,11,273966000
15981,1,34,95000000
15983,2,83,252144000
15984,3,6,159258000
15990,1,10,142592000
15996,2,8,172579000
15998,1,85,307929000
16003,1,82,415592000
16010,1,85,39110000
16011,4,13,269899000
16013,10,24,2235340000
16014,1,14,93346000
16016,1,89,135604000
16019,4,19,691773000
16027,2,7,144378000
16029,12,14,5442429000
16030,1,32,119398000
16033,5,1,617312000
16034,1,55,55360000
16037,2,27,214128000
16042,1,55,8795000
16043,1,40,109685000
16045,1,13,237960000
16057,1,7,242064000
16059,2,50,93685000
16062,1,87,88144000
16065,1,88,133103000
16072,1,11,206221000
16073,1,20,43392000
16078,1,6,27920000
16081,1,89,55806000
16083,1,83,123054000
16084,1,22,155324000
16085,1,43,64656000
16086,2,11,98804000
16098,1,21,148478000
16109,1,31,111216000
16110,1,34,145993000
16112,2,56,51828000
16115,1,15,49547000
16122,2,55,92888000
16124,1,40,87750000
16125,1,90,102810000
16126,1,19,315387000
16128,1,5,138067000
16133,2,10,226614000
16134,1,82,101177000
16143,2,26,302967000
16145,3,12,351308000
16148,1,19,27576000
16153,1,77,76183000
16156,1,33,108034000
16159,1,4,124820000
16161,6,13,409564000
16163,1,88,155698000
16168,1,42,45170000
16182,1,17,295000000
16187,2,7,241129000
16191,7,24,723274000
16202,1,83,130220000
16206,1,50,57490000
16208,1,12,177143000
16210,4,32,1469062000
16212,1,6,176227000
16217,1,5,64790000
16221,1,90,59008000
16222,1,41,300866000
16233,2,52,115392000
16235,2,18,121884000
16241,1,62,57012000
16255,3,28,318173000
16265,4,17,868999000
16270,1,76,407938000
16271,1,81,48227000
16282,1,62,60330000
16293,1,90,134879000
16303,1,56,294716000
16306,5,17,213853000
16315,1,53,80163000
16316,1,81,110722000
16317,1,20,204438000
16321,3,28,79062000
16326,2,36,150403000
16327,1,38,223701000
16332,1,28,43295000
16333,4,3,1645860000
16339,1,7,38769000
16349,1,13,18834000
16350,1,56,134267000
16351,1,55,54990000
16353,7,18,386118000
16359,2,25,109687000
16365,2,82,130624000
16367,1,85,60942000
16378,2,19,103280000
16385,1,89,52736000
16387,1,45,33576000
16389,1,6,42612000
16393,2,17,114776000
16394,1,12,113816000
16395,2,46,162350000
16401,2,17,240535000
16403,1,35,63550000
16405,2,25,60875000
16407,3,8,192187000
16409,1,40,96721000
16414,1,3,17978000
16419,1,34,89648000
16422,14,1,2188041000
16425,1,25,108390000
16427,1,7,39480000
16431,2,20,122916000
16434,1,22,142983000
16441,1,14,75202000
16442,1,83,53867000
16449,1,3,148802000
16455,1,84,53376000
16456,1,29,160326000
16458,3,7,202478000
16462,1,6,11948000
16466,1,15,39888000
16470,1,81,76931000
16473,2,10,78039000
16477,2,42,262775000
16493,2,8,131780000
16494,1,19,297701000
16496,1,39,263402000
16497,2,41,181852000
16499,2,83,129487000
16500,1,53,57762000
16503,2,53,298773000
16509,1,19,128087000
16515,1,34,114662000
16518,1,7,68292000
16519,1,88,36588000
16520,1,88,116713000
16523,1,38,262396000
16525,7,6,1089302000
16531,3,17,174053000
16532,1,61,674400000
16539,1,81,107384000
16546,1,13,175621000
16549,1,57,42516000
16551,1,59,112317000
16553,3,27,695916000
16554,1,54,310000
16556,2,18,339623000
16558,4,25,516096000
16560,1,81,118407000
16565,1,87,61370000
16566,1,15,33376000
16567,1,59,201024000
16570,1,34,161778000
16571,1,4,157502000
16573,1,13,103798000
16592,1,10,163502000
16593,1,50,24960000
16596,1,89,42811000
16598,1,8,51680000
16600,1,61,46316000
16607,4,7,392205000
16612,1,34,99693000
16618,1,45,259726000
16638,3,13,249190000
16655,1,54,288887000
16656,3,14,503840000
16660,1,42,100464000
16665,1,85,48126000
16667,1,7,72145000
16668,1,7,18792000
16670,4,5,497917000
16676,1,60,165213000
16678,1,5,111508000
16679,1,89,45775000
16684,6,19,3523693000
16686,2,28,253631000
16692,1,12,2987000
16700,3,20,459239000
16701,3,21,438558000
16705,3,34,1290575000
16709,1,4,396623000
16710,1,83,52970000
16711,2,25,210872000
16713,4,17,573992000
16714,2,40,408765000
16716,1,34,258240000
16717,1,89,108473000
16719,2,11,116074000
16722,2,11,228383000
16725,6,25,233433000
16726,3,17,217085000
16727,1,87,97688000
16730,1,42,70863000
16735,1,57,235918000
16738,1,20,1350000
16743,1,81,154767000
16745,4,8,449386000
16746,3,15,448861000
16748,2,32,217580000
16755,1,38,112965000
16757,1,41,38376000
16765,1,17,11948000
16767,1,39,667989000
16770,2,36,143294000
16771,2,33,341653000
16775,3,14,203403000
16779,6,27,737003000
16782,3,39,324605000
16791,1,55,90975000
16792,2,5,39177000
16795,1,88,148163000
16805,1,83,78530000
16812,1,83,168773000
16814,6,17,654995000
16816,2,36,116280000
16817,1,82,43806000
16833,1,57,110292000
16838,1,11,138404000
16839,6,6,979095000
16841,1,10,113940000
16842,1,25,186769000
16843,2,13,713318000
16850,1,56,119405000
16863,1,89,58800000
16873,1,87,768076000
16875,3,19,286611000
16882,1,40,3490000
16885,1,80,67182000
16889,1,59,187564000
16893,1,89,51845000
16897,2,22,102330000
16899,1,83,60630000
16904,4,21,225018000
16907,2,13,153125000
16912,3,13,269229000
16913,1,13,40728000
16915,1,6,19226000
16918,1,40,98633000
16919,1,83,121291000
16923,4,1,667551000
16927,1,84,82220000
16928,2,24,76950000
16931,3,15,261094000
16938,1,31,95142000
16940,1,12,271927000
16943,1,41,159053000
16945,3,28,278513000
16948,1,48,25560000
16949,1,39,26622000
16950,1,90,60584000
16951,1,27,381958000
16954,1,82,123793000
16955,1,59,59230000
16957,1,4,40988000
16979,1,20,122636000
16980,1,14,261501000
16983,1,43,70211000
16985,2,36,452661000
16992,1,7,150368000
16996,2,76,45214000
16997,3,11,250200000
16998,1,27,31800000
17001,3,3,394915000
17002,1,13,182850000
17007,2,80,73786000
17017,4,11,723416000
17018,1,48,142500000
17019,1,53,97882000
17027,3,6,157776000
17033,1,82,109256000
17034,1,10,50854000
17035,1,34,92614000
17041,1,83,108894000
17048,2,5,271333000
17050,3,1,538210000
17062,3,36,128866000
17063,2,12,114027000
17064,1,50,52652000
17068,4,6,310178000
17069,1,77,108765000
17071,1,32,109853000
17075,2,13,199144000
17076,1,87,53750000
17082,1,41,226878000
17083,2,18,355632000
17085,3,22,346950000
17090,2,11,164524000
17091,2,47,315037000
17094,1,45,107594000
17095,2,22,193273000
17097,2,47,102098000
17105,1,29,116167000
17107,1,1,603525000
17114,2,20,95827000
17117,1,11,41518000
17118,1,40,56816000
17126,2,22,183729000
17128,1,57,55930000
17135,1,12,102176000
17139,1,11,934842000
17146,1,81,105510000
17147,1,34,146444000
17158,1,83,147963000
17162,1,28,152176000
17165,1,7,56774000
17171,1,12,81007000
17175,1,19,185804000
17179,1,84,86255000
17180,1,39,88756000
17188,3,38,507170000
17189,1,82,80790000
17191,1,3,110752000
17194,1,83,89888000
17198,1,88,88807000
17211,2,76,180887000
17213,3,39,331952000
17214,3,15,160022000
17218,3,57,170996000
17220,2,35,225908000
17223,1,33,47476000
17226,1,31,142766000
17228,2,34,106901000
17230,7,33,1221259000
17231,3,21,254508000
17236,3,22,158976000
17238,1,45,49186000
17239,1,35,135734000
17243,7,1,656705000
17251,1,85,100501000
17255,1,22,40295000
17256,1,35,45603000
17262,1,89,95026000
17277,1,45,255396000
17282,1,22,267175000
17284,1,59,257655000
17287,1,90,38845000
17288,3,18,105984000
17291,1,31,193680000
17293,2,31,168032000
17302,1,28,65223000
17303,1,84,89282000
17306,3,19,616992000
17311,1,39,199700000
17314,2,34,201762000
17315,8,3,421078000
17323,1,15,51072000
17324,2,54,253222000
17325,1,3,34630000
17329,1,38,86005000
17334,2,25,111321000
17337,1,33,368000000
17338,3,14,943672000
17339,1,88,21200000
17340,2,77,1556403000
17341,1,89,183331000
17343,1,78,68467000
17346,2,21,73743000
17348,1,20,58461000
17356,1,34,64404000
17358,2,26,130529000
17361,1,14,15900000
17362,1,32,53424000
17364,2,11,337208000
17365,2,55,268669000
17368,2,53,253550000
17371,1,84,34670000
17372,3,40,190226000
17373,1,35,51944000
17374,1,4,67543000
17375,2,35,104146000
17376,1,34,37484000
17377,4,11,323190000
17381,5,18,1306786000
17388,1,10,137880000
17389,6,4,316698000
17392,2,29,164148000
17400,1,76,151507000
17402,1,52,39462000
17404,3,38,2453394000
17406,3,56,779819000
17412,2,26,140256000
17416,1,4,756725000
17418,1,46,60306000
17419,4,18,369870000
17422,1,19,115157000
17426,1,5,424598000
17428,6,1,1170077000
17430,1,88,40156000
17431,1,36,144781000
17442,1,13,157972000
17446,1,33,25104000
17449,2,6,363122000
17450,5,55,7311398000
17454,2,22,106028000
17456,1,88,90186000
17457,2,31,255972000
17460,1,41,47250000
17462,1,7,164131000
17463,1,36,253453000
17470,1,90,63840000
17472,2,11,161495000
17491,2,48,227732000
17496,1,81,95849000
17499,1,12,226617000
17504,2,12,280625000
17507,1,32,121949000
17508,1,3,139159000
17511,5,13,5939705000
17512,3,13,235137000
17515,1,41,82172000
17516,2,8,117399000
17517,1,31,55148000
17524,1,84,51866000
17525,1,82,148970000
17526,3,13,307164000
17530,2,20,230725000
17535,1,3,59234000
17537,1,26,225322000
17540,1,39,94880000
17551,1,82,109253000
17555,1,57,70313000
17560,2,25,58672000
17567,2,4,343015000
17569,1,55,122406000
17571,1,21,101730000
17576,6,5,264407000
17580,2,35,59822000
17581,4,3,454907000
17585,1,61,153259000
17591,3,21,307935000
17593,1,75,236690000
17602,1,47,278258000
17604,1,35,48342000
17609,2,25,191552000
17611,3,43,381081000
17612,1,20,109112000
17613,2,11,320448000
17616,1,90,115712000
17618,1,85,114103000
17619,1,35,78043000
17621,2,35,319310000
17629,1,82,84959000
17634,1,60,276991000
17646,2,4,211323000
17652,1,4,79030000
17655,3,7,462140000
17659,2,21,80113000
17663,1,10,132191000
17667,1,21,330805000
17671,1,88,140290000
17672,1,32,420127000
17673,1,43,146412000
17675,6,12,1293010000
17676,1,89,107214000
17677,3,24,628584000
17685,3,31,261293000
17686,1,25,564980000
17690,3,49,426937000
17691,1,81,52708000
17692,2,28,164421000
17696,2,87,62560000
17700,1,4,214833000
17705,1,24,48778000
17706,4,12,316374000
17707,1,59,30270000
17708,1,47,39118000
17711,1,12,78517000
17714,1,43,54694000
17720,1,90,36000000
17722,2,47,626528000
17730,2,20,245922000
17735,3,10,676509000
17738,1,5,276576000
17739,2,56,242003000
17742,1,55,106787000
17744,3,45,369194000
17752,1,82,30528000
17757,7,4,350357000
17769,2,1,316404000
17770,1,5,213936000
17771,1,46,41864000
17774,1,28,78079000
17786,1,40,40880000
17787,2,27,348972000
17789,1,4,79983000
17790,6,25,183622000
17796,2,36,179203000
17799,3,42,360300000
17800,1,57,48839000
17809,1,24,214620000
17811,10,1,1043857000
17816,1,88,5872000
17819,2,20,439155000
17827,3,87,454330000
17829,1,21,317368000
17830,1,11,66574000
17838,2,15,346560000
17841,20,4,1546239000
17843,1,26,73300000
17848,3,33,76115000
17849,2,28,121208000
17856,1,4,173165000
17857,3,19,777842000
17858,3,27,674525000
17859,1,27,53458000
17861,1,42,85871000
17862,1,46,117060000
17863,1,33,182314000
17865,4,11,832251000
17867,1,11,8950000
17870,1,89,115712000
17873,1,4,173702000
17880,1,87,164484000
17881,1,27,47068000
17884,1,34,101301000
17888,2,40,44709000
17889,1,45,36197000
17890,2,45,215862000
17894,6,8,307700000
17897,1,90,95087000
17905,1,75,68560000
17912,5,33,111132000
17913,1,78,77548000
17917,1,85,39510000
17920,1,38,56979000
17923,1,5,73250000
17924,1,24,78720000
17929,1,31,69120000
17937,3,21,955092000
17940,1,25,422928000
17949,4,5,893400000
17950,2,88,94379000
17951,1,81,41154000
17954,3,18,221914000
17961,7,6,171249000
17965,4,6,365111000
17969,1,84,45424000
17975,4,33,488000000
17978,1,88,111342000
17980,1,82,106255000
17988,1,49,22919000
17990,2,76,112144000
17994,1,13,109871000
17995,1,4,28235000
17999,1,89,67766000
18004,1,85,60278000
18008,1,41,50156000
18016,2,38,115147000
18017,1,33,59000000
18032,1,57,26244000
18037,2,45,13954000
18041,6,4,462406000
18043,1,89,112866000
18044,2,6,53094000
18050,1,82,26540000
18055,4,14,695349000
18056,1,11,129905000
18061,3,13,293301000
18062,1,60,61692000
18065,3,11,266477000
18068,1,12,35670000
18069,1,50,106195000
18071,1,88,92591000
18075,4,6,309207000
18077,3,41,255747000
18085,1,53,137443000
18087,1,13,1167894000
18092,4,53,1104944000
18093,2,20,399996000
18094,1,14,179892000
18095,2,35,208246000
18097,2,62,236368000
18102,7,4,14032682000
18106,1,52,152307000
18109,5,26,330911000
18114,1,13,77722000
18116,4,18,293993000
18118,5,5,348254000
18119,1,90,64892000
18125,2,18,262476000
18136,1,42,103325000
18138,1,18,53902000
18144,2,41,176660000
18145,1,35,220147000
18151,1,12,110770000
18155,1,14,41001000
18159,1,24,187269000
18161,1,42,108096000
18168,2,25,135408000
18171,1,56,85164000
18172,2,12,701502000
18176,1,81,170237000
18178,2,32,225467000
18179,2,49,222727000
18188,1,13,151326000
18190,1,53,61258000
18196,1,13,160753000
18198,3,11,326210000
18202,1,34,172464000
18211,1,1,48958000
18212,1,49,88186000
18218,1,4,112686000
18219,2,19,97444000
18223,5,1,595892000
18225,2,28,167625000
18226,1,60,150566000
18229,3,17,362870000
18230,1,25,165298000
18231,1,11,104076000
18233,1,48,154048000
18239,2,35,171448000
18245,2,35,289310000
18250,1,33,124717000
18257,2,13,128876000
18259,1,89,133128000
18260,2,57,281751000
18269,1,89,59960000
18283,3,7,113591000
